model,appliance,sample_id,amp_bucket,count_bucket,avgdur_bucket,ctype_bucket,tou_bucket,amp,count,avgdur,ctype,tou
diffusion,ev,00,2,2,3,2,2,med,med,high,L2,mixed
diffusion,ev,01,1,1,3,2,2,low,low,high,L2,mixed
diffusion,ev,02,3,2,1,2,2,high,med,low,L2,mixed
diffusion,ev,03,1,2,1,2,1,low,med,low,L2,day
diffusion,ev,04,1,1,2,2,3,low,low,med,L2,night
diffusion,ev,05,3,1,3,2,0,high,low,high,L2,NULL
diffusion,ev,06,1,1,1,2,1,low,low,low,L2,day
diffusion,ev,07,2,1,1,2,2,med,low,low,L2,mixed
diffusion,ev,08,2,3,1,2,3,med,high,low,L2,night
diffusion,ev,09,2,2,1,2,3,med,med,low,L2,night
diffusion,ev,10,1,1,3,2,3,low,low,high,L2,night
diffusion,ev,11,3,1,1,0,2,high,low,low,NULL,mixed
diffusion,ev,12,2,3,2,2,2,med,high,med,L2,mixed
diffusion,ev,13,1,3,2,2,3,low,high,med,L2,night
diffusion,ev,14,1,2,2,2,3,low,med,med,L2,night
diffusion,ev,15,2,1,3,2,3,med,low,high,L2,night
diffusion,ev,16,1,1,2,2,3,low,low,med,L2,night
diffusion,ev,17,3,1,3,2,3,high,low,high,L2,night
diffusion,ev,18,2,3,1,2,3,med,high,low,L2,night
diffusion,ev,19,1,3,1,2,3,low,high,low,L2,night
diffusion,pp,00,0,0,0,0,0,NULL,NULL,NULL,NULL,NULL
diffusion,pp,01,0,0,0,0,0,NULL,NULL,NULL,NULL,NULL
diffusion,pp,02,0,0,0,0,0,NULL,NULL,NULL,NULL,NULL
diffusion,pp,03,0,0,0,0,0,NULL,NULL,NULL,NULL,NULL
diffusion,pp,04,0,0,0,0,0,NULL,NULL,NULL,NULL,NULL
diffusion,pp,05,0,0,0,0,0,NULL,NULL,NULL,NULL,NULL
diffusion,pp,06,0,0,0,0,0,NULL,NULL,NULL,NULL,NULL
diffusion,pp,07,0,0,0,0,0,NULL,NULL,NULL,NULL,NULL
diffusion,pp,08,0,0,0,0,0,NULL,NULL,NULL,NULL,NULL
diffusion,pp,09,0,0,0,0,0,NULL,NULL,NULL,NULL,NULL
diffusion,pp,10,0,0,0,0,0,NULL,NULL,NULL,NULL,NULL
diffusion,pp,11,0,0,0,0,0,NULL,NULL,NULL,NULL,NULL
diffusion,pp,12,0,0,0,0,0,NULL,NULL,NULL,NULL,NULL
diffusion,pp,13,0,0,0,0,0,NULL,NULL,NULL,NULL,NULL
diffusion,pp,14,0,0,0,0,0,NULL,NULL,NULL,NULL,NULL
diffusion,pp,15,0,0,0,0,0,NULL,NULL,NULL,NULL,NULL
diffusion,pp,16,0,0,0,0,0,NULL,NULL,NULL,NULL,NULL
diffusion,pp,17,0,0,0,0,0,NULL,NULL,NULL,NULL,NULL
diffusion,pp,18,0,0,0,0,0,NULL,NULL,NULL,NULL,NULL
diffusion,pp,19,0,0,0,0,0,NULL,NULL,NULL,NULL,NULL
vae,ev,00,2,2,3,2,2,med,med,high,L2,mixed
vae,ev,01,1,1,3,2,2,low,low,high,L2,mixed
vae,ev,02,3,2,1,2,2,high,med,low,L2,mixed
vae,ev,03,1,2,1,2,1,low,med,low,L2,day
vae,ev,04,1,1,2,2,3,low,low,med,L2,night
vae,ev,05,3,1,3,2,0,high,low,high,L2,NULL
vae,ev,06,1,1,1,2,1,low,low,low,L2,day
vae,ev,07,2,1,1,2,2,med,low,low,L2,mixed
vae,ev,08,2,3,1,2,3,med,high,low,L2,night
vae,ev,09,2,2,1,2,3,med,med,low,L2,night
vae,ev,10,1,1,3,2,3,low,low,high,L2,night
vae,ev,11,3,1,1,0,2,high,low,low,NULL,mixed
vae,ev,12,2,3,2,2,2,med,high,med,L2,mixed
vae,ev,13,1,3,2,2,3,low,high,med,L2,night
vae,ev,14,1,2,2,2,3,low,med,med,L2,night
vae,ev,15,2,1,3,2,3,med,low,high,L2,night
vae,ev,16,1,1,2,2,3,low,low,med,L2,night
vae,ev,17,3,1,3,2,3,high,low,high,L2,night
vae,ev,18,2,3,1,2,3,med,high,low,L2,night
vae,ev,19,1,3,1,2,3,low,high,low,L2,night
vae,pp,00,0,0,0,0,0,NULL,NULL,NULL,NULL,NULL
vae,pp,01,0,0,0,0,0,NULL,NULL,NULL,NULL,NULL
vae,pp,02,0,0,0,0,0,NULL,NULL,NULL,NULL,NULL
vae,pp,03,0,0,0,0,0,NULL,NULL,NULL,NULL,NULL
vae,pp,04,0,0,0,0,0,NULL,NULL,NULL,NULL,NULL
vae,pp,05,0,0,0,0,0,NULL,NULL,NULL,NULL,NULL
vae,pp,06,0,0,0,0,0,NULL,NULL,NULL,NULL,NULL
vae,pp,07,0,0,0,0,0,NULL,NULL,NULL,NULL,NULL
vae,pp,08,0,0,0,0,0,NULL,NULL,NULL,NULL,NULL
vae,pp,09,0,0,0,0,0,NULL,NULL,NULL,NULL,NULL
vae,pp,10,0,0,0,0,0,NULL,NULL,NULL,NULL,NULL
vae,pp,11,0,0,0,0,0,NULL,NULL,NULL,NULL,NULL
vae,pp,12,0,0,0,0,0,NULL,NULL,NULL,NULL,NULL
vae,pp,13,0,0,0,0,0,NULL,NULL,NULL,NULL,NULL
vae,pp,14,0,0,0,0,0,NULL,NULL,NULL,NULL,NULL
vae,pp,15,0,0,0,0,0,NULL,NULL,NULL,NULL,NULL
vae,pp,16,0,0,0,0,0,NULL,NULL,NULL,NULL,NULL
vae,pp,17,0,0,0,0,0,NULL,NULL,NULL,NULL,NULL
vae,pp,18,0,0,0,0,0,NULL,NULL,NULL,NULL,NULL
vae,pp,19,0,0,0,0,0,NULL,NULL,NULL,NULL,NULL
gan,ev,00,2,2,3,2,2,med,med,high,L2,mixed
gan,ev,01,1,1,3,2,2,low,low,high,L2,mixed
gan,ev,02,3,2,1,2,2,high,med,low,L2,mixed
gan,ev,03,1,2,1,2,1,low,med,low,L2,day
gan,ev,04,1,1,2,2,3,low,low,med,L2,night
gan,ev,05,3,1,3,2,0,high,low,high,L2,NULL
gan,ev,06,1,1,1,2,1,low,low,low,L2,day
gan,ev,07,2,1,1,2,2,med,low,low,L2,mixed
gan,ev,08,2,3,1,2,3,med,high,low,L2,night
gan,ev,09,2,2,1,2,3,med,med,low,L2,night
gan,ev,10,1,1,3,2,3,low,low,high,L2,night
gan,ev,11,3,1,1,0,2,high,low,low,NULL,mixed
gan,ev,12,2,3,2,2,2,med,high,med,L2,mixed
gan,ev,13,1,3,2,2,3,low,high,med,L2,night
gan,ev,14,1,2,2,2,3,low,med,med,L2,night
gan,ev,15,2,1,3,2,3,med,low,high,L2,night
gan,ev,16,1,1,2,2,3,low,low,med,L2,night
gan,ev,17,3,1,3,2,3,high,low,high,L2,night
gan,ev,18,2,3,1,2,3,med,high,low,L2,night
gan,ev,19,1,3,1,2,3,low,high,low,L2,night
gan,pp,00,0,0,0,0,0,NULL,NULL,NULL,NULL,NULL
gan,pp,01,0,0,0,0,0,NULL,NULL,NULL,NULL,NULL
gan,pp,02,0,0,0,0,0,NULL,NULL,NULL,NULL,NULL
gan,pp,03,0,0,0,0,0,NULL,NULL,NULL,NULL,NULL
gan,pp,04,0,0,0,0,0,NULL,NULL,NULL,NULL,NULL
gan,pp,05,0,0,0,0,0,NULL,NULL,NULL,NULL,NULL
gan,pp,06,0,0,0,0,0,NULL,NULL,NULL,NULL,NULL
gan,pp,07,0,0,0,0,0,NULL,NULL,NULL,NULL,NULL
gan,pp,08,0,0,0,0,0,NULL,NULL,NULL,NULL,NULL
gan,pp,09,0,0,0,0,0,NULL,NULL,NULL,NULL,NULL
gan,pp,10,0,0,0,0,0,NULL,NULL,NULL,NULL,NULL
gan,pp,11,0,0,0,0,0,NULL,NULL,NULL,NULL,NULL
gan,pp,12,0,0,0,0,0,NULL,NULL,NULL,NULL,NULL
gan,pp,13,0,0,0,0,0,NULL,NULL,NULL,NULL,NULL
gan,pp,14,0,0,0,0,0,NULL,NULL,NULL,NULL,NULL
gan,pp,15,0,0,0,0,0,NULL,NULL,NULL,NULL,NULL
gan,pp,16,0,0,0,0,0,NULL,NULL,NULL,NULL,NULL
gan,pp,17,0,0,0,0,0,NULL,NULL,NULL,NULL,NULL
gan,pp,18,0,0,0,0,0,NULL,NULL,NULL,NULL,NULL
gan,pp,19,0,0,0,0,0,NULL,NULL,NULL,NULL,NULL
